<?xml version="1.0" encoding="UTF-16"?>
<Task version="1.4" xmlns="http://schemas.microsoft.com/windows/2004/02/mit/task">
  <RegistrationInfo>
    <Description>Monitors changes in the Windows Root Certificate Store and logs any differences.</Description>
    <Author>Collin George</Author>
  </RegistrationInfo>
  <Triggers>
    <CalendarTrigger>
      <StartBoundary>2025-07-08T03:00:00</StartBoundary>
      <Enabled>true</Enabled>
      <ScheduleByWeek>
        <DaysOfWeek>
          <Monday />
        </DaysOfWeek>
        <WeeksInterval>1</WeeksInterval>
      </ScheduleByWeek>
    </CalendarTrigger>
  </Triggers>
  <Principals>
    <Principal id="Author">
      <UserId>S-1-5-18</UserId> <!-- SYSTEM account -->
      <RunLevel>HighestAvailable</RunLevel>
    </Principal>
  </Principals>
  <Settings>
    <MultipleInstancesPolicy>IgnoreNew</MultipleInstancesPolicy>
    <DisallowStartIfOnBatteries>false</DisallowStartIfOnBatteries>
    <StopIfGoingOnBatteries>false</StopIfGoingOnBatteries>
    <AllowHardTerminate>true</AllowHardTerminate>
    <StartWhenAvailable>true</StartWhenAvailable>
    <RunOnlyIfNetworkAvailable>false</RunOnlyIfNetworkAvailable>
    <IdleSettings>
      <StopOnIdleEnd>false</StopOnIdleEnd>
      <RestartOnIdle>false</RestartOnIdle>
    </IdleSettings>
    <AllowStartOnDemand>true</AllowStartOnDemand>
    <Enabled>true</Enabled>
    <Hidden>false</Hidden>
    <RunOnlyIfIdle>false</RunOnlyIfIdle>
    <WakeToRun>true</WakeToRun>
    <ExecutionTimeLimit>PT5M</ExecutionTimeLimit>
    <Priority>7</Priority>
  </Settings>
  <Actions Context="Author">
    <Exec>
      <Command>powershell.exe</Command>
      <Arguments>-ExecutionPolicy Bypass -File "C:\Users\Collin\Downloads\Cyber_Immune_System_Bundle\check_root_certs.ps1"</Arguments>
    </Exec>
  </Actions>
</Task>
